<Dictionary>
      <Words>
         <Unrecognized>
            <Word></Word>
         </Unrecognized>
         <Recognized>
            <Word>chuyển</Word>
         </Recognized>
	 <Unrecognized>
            <Word></Word>
         </Unrecognized>
         <Recognized>
            <Word>tới</Word>
         </Recognized>
	 <Unrecognized>
            <Word></Word>
         </Unrecognized>
         <Recognized>
            <Word>từ</Word>
         </Recognized>
	 <Unrecognized>
            <Word></Word>
         </Unrecognized>
         <Recognized>
            <Word>đĩa</Word>
         </Recognized>
         <Deprecated>
            <Term PreferredAlternate="LogOn">login</Term>
         </Deprecated>
         <Compound>
            <Term CompoundAlternate=""></Term>
         </Compound>
         <DiscreteExceptions>
            <Term>Login</Term>
         </DiscreteExceptions>
      </Words>
      <Acronyms>
         <CasingExceptions>
            <Acronym></Acronym>
         </CasingExceptions>
      </Acronyms>
   </Dictionary>